"Year","Allocation"
2010,1.763232
2011,3.461556
2012,3.451147
2013,4.81581
2014,4.4841
2015,4.369366
2016,4.307558
2017,5.606415
2018,6.744229
2019,8.282779
2020,7.715722
2021,6.593058
